Date,SHIBORON.IR,SHIBOR1M.IR,SHIBOR1W.IR,SHIBOR1Y.IR,SHIBOR2W.IR,SHIBOR3M.IR,SHIBOR6M.IR,SHIBOR9M.IR
2017/1/3,2.209,3.3126,2.589,3.3833,2.817,3.2813,3.3037,3.331
2017/1/4,2.172,3.3223,2.545,3.3904,2.805,3.2912,3.3094,3.3391
2017/1/5,2.13,3.3578,2.474,3.4311,2.792,3.3384,3.345,3.367
2017/1/6,2.112,3.4101,2.441,3.4882,2.782,3.4388,3.438,3.4413
2017/1/9,2.094,3.4738,2.41,3.5329,2.765,3.5152,3.5093,3.4962
2017/1/10,2.096,3.5314,2.399,3.5533,2.762,3.5526,3.5481,3.5247
2017/1/11,2.104,3.5662,2.39,3.5674,2.753,3.5853,3.5809,3.5495
2017/1/12,2.103,3.6387,2.394,3.5838,2.743,3.6536,3.6201,3.572
2017/1/13,2.104,3.6718,2.398,3.6014,2.7626,3.6874,3.6461,3.5872
2017/1/16,2.142,3.6852,2.4239,3.6102,2.7815,3.7018,3.6617,3.5968
2017/1/17,2.2563,3.7116,2.4666,3.6321,2.8076,3.7222,3.6812,3.6117
2017/1/18,2.328,3.7502,2.5042,3.6513,2.855,3.7491,3.6982,3.6272
2017/1/19,2.364,3.7951,2.538,3.6602,2.9544,3.803,3.7369,3.6398
2017/1/20,2.376,3.8196,2.593,3.6691,3.0077,3.8213,3.7427,3.647
2017/1/23,2.175,3.8118,2.637,3.6847,3.0215,3.8401,3.774,3.6666
2017/1/24,2.164,3.8142,2.662,3.6905,3.0385,3.8401,3.7802,3.6787
2017/1/25,2.165,3.8295,2.684,3.7136,3.0672,3.8551,3.8146,3.7005
2017/1/26,2.5293,3.851,2.691,3.7396,3.1763,3.8706,3.8377,3.7233
2017/2/3,2.218,3.8761,2.652,3.786,3.0675,3.9175,3.878,3.7705
2017/2/6,2.278,3.9031,2.628,3.8542,3.0562,3.9497,3.9195,3.847
2017/2/7,2.281,3.9304,2.6283,3.882,3.067,4.016,3.9429,3.8751
2017/2/8,2.2765,3.9601,2.633,3.9019,3.0856,4.1094,3.9722,3.8882
2017/2/9,2.272,3.9839,2.634,3.9168,3.0919,4.144,4.0045,3.9084
2017/2/10,2.2678,3.9938,2.6233,3.9352,3.0911,4.1727,4.0217,3.9288
2017/2/13,2.264,4.0052,2.623,3.953,3.097,4.2029,4.07,3.9503
2017/2/14,2.261,4.016,2.6208,3.968,3.0988,4.2148,4.1012,3.9668
2017/2/15,2.2658,4.0312,2.627,3.9846,3.1033,4.2394,4.1381,3.9835
2017/2/16,2.333,4.0516,2.6435,3.9906,3.1098,4.2518,4.1463,3.9924
2017/2/17,2.36,4.0652,2.664,4.0005,3.1132,4.2567,4.1567,4.0007
2017/2/20,2.4086,4.075,2.675,4.0064,3.1295,4.2622,4.1665,4.0057
2017/2/21,2.483,4.082,2.691,4.0102,3.1388,4.2704,4.1755,4.0091
2017/2/22,2.4845,4.085,2.706,4.0225,3.142,4.2778,4.1824,4.0155
2017/2/23,2.5271,4.093,2.716,4.0305,3.146,4.284,4.1881,4.0245
2017/2/24,2.4756,4.091,2.725,4.0362,3.15,4.2829,4.19,4.0334
2017/2/27,2.4338,4.082,2.711,4.0407,3.15,4.2804,4.1922,4.0353
2017/2/28,2.493,4.08,2.728,4.0467,3.158,4.2841,4.196,4.0437
2017/3/1,2.4943,4.0763,2.729,4.0497,3.163,4.2881,4.1998,4.0454
2017/3/2,2.4611,4.083,2.732,4.0492,3.167,4.2904,4.2,4.0487
2017/3/3,2.369,4.0851,2.659,4.051,3.138,4.2905,4.2002,4.0499
2017/3/6,2.4033,4.0951,2.646,4.0511,3.137,4.2925,4.201,4.051
2017/3/7,2.4041,4.1016,2.644,4.0527,3.14,4.2918,4.201,4.0516
2017/3/8,2.4061,4.1052,2.655,4.0536,3.156,4.2932,4.201,4.0527
2017/3/9,2.4076,4.1126,2.659,4.0539,3.159,4.2943,4.201,4.0567
2017/3/10,2.4019,4.1153,2.655,4.0551,3.161,4.2942,4.2031,4.0604
2017/3/13,2.379,4.1226,2.649,4.0614,3.163,4.2925,4.2054,4.0648
2017/3/14,2.3761,4.1343,2.652,4.0678,3.168,4.2925,4.2146,4.0764
2017/3/15,2.3869,4.1537,2.656,4.0818,3.1825,4.2933,4.2205,4.0837
2017/3/16,2.441,4.2218,2.6938,4.1052,3.2137,4.3267,4.2581,4.1094
2017/3/17,2.633,4.2775,2.725,4.1246,3.236,4.3507,4.2909,4.134
2017/3/20,2.6325,4.3172,2.7471,4.1435,3.269,4.3711,4.3091,4.1504
2017/3/21,2.6477,4.3558,2.768,4.1559,3.307,4.3846,4.3218,4.1621
2017/3/22,2.6507,4.3959,2.791,4.1649,3.3372,4.4077,4.346,4.1713
2017/3/23,2.657,4.4475,2.807,4.1717,3.365,4.4396,4.3592,4.1772
2017/3/24,2.604,4.4581,2.784,4.1835,3.362,4.4516,4.3663,4.1788
2017/3/27,2.482,4.4296,2.7993,4.1874,3.3378,4.4364,4.3597,4.1829
2017/3/28,2.448,4.4105,2.791,4.1918,3.3341,4.423,4.356,4.1883
2017/3/29,2.521,4.3955,2.81,4.1952,3.3544,4.4135,4.353,4.1919
2017/3/30,2.507,4.3843,2.821,4.2006,3.383,4.3995,4.349,4.1942
2017/3/31,2.5384,4.3501,2.85,4.2,3.405,4.393,4.35,4.195
2017/4/5,2.4868,4.2525,2.74,4.2,3.3053,4.3355,4.347,4.197
2017/4/6,2.537,4.1783,2.7506,4.2,3.2754,4.3183,4.345,4.197
2017/4/7,2.4957,4.118,2.741,4.2,3.249,4.301,4.339,4.197
2017/4/10,2.442,4.0746,2.707,4.201,3.2203,4.2906,4.332,4.1977
2017/4/11,2.408,4.0382,2.687,4.201,3.1897,4.2774,4.322,4.1975
2017/4/12,2.3885,4.0132,2.6631,4.2011,3.1637,4.2653,4.316,4.1968
2017/4/13,2.413,4.0016,2.6566,4.2022,3.1553,4.2631,4.3166,4.1987
2017/4/14,2.429,3.9972,2.674,4.2013,3.1617,4.2634,4.3177,4.1989
2017/4/17,2.444,3.9972,2.69,4.2022,3.1735,4.2609,4.3148,4.1989
2017/4/18,2.486,3.9978,2.7175,4.2023,3.188,4.2621,4.3145,4.1999
2017/4/19,2.575,4.0008,2.752,4.2113,3.2125,4.2661,4.3225,4.2069
2017/4/20,2.5987,4.005,2.758,4.2121,3.2275,4.2725,4.3242,4.2096
2017/4/21,2.6163,4.0095,2.76,4.2145,3.229,4.2781,4.3254,4.2139
2017/4/24,2.7157,4.01,2.79,4.2175,3.241,4.2789,4.3276,4.2164
2017/4/25,2.7514,4.01,2.814,4.2228,3.268,4.2839,4.3288,4.2217
2017/4/26,2.759,4.011,2.8203,4.2243,3.2799,4.2884,4.3309,4.2232
2017/4/27,2.792,4.0161,2.8449,4.2255,3.2935,4.2917,4.3331,4.2244
2017/4/28,2.819,4.0237,2.8699,4.2296,3.3038,4.2974,4.3364,4.2265
2017/5/2,2.8175,4.027,2.873,4.233,3.317,4.3002,4.3397,4.2317
2017/5/3,2.8451,4.0361,2.913,4.2453,3.349,4.3309,4.35,4.2412
2017/5/4,2.8506,4.0436,2.927,4.2503,3.365,4.3476,4.3602,4.2449
2017/5/5,2.8348,4.0469,2.9186,4.2512,3.366,4.3608,4.3664,4.2466
2017/5/8,2.818,4.0447,2.9091,4.2555,3.3683,4.3731,4.3744,4.251
2017/5/9,2.8199,4.0441,2.9233,4.2612,3.3752,4.3848,4.3799,4.2557
2017/5/10,2.827,4.0463,2.93,4.2674,3.3805,4.3933,4.3857,4.2623
2017/5/11,2.813,4.0507,2.9294,4.2715,3.3846,4.4083,4.392,4.2644
2017/5/12,2.7911,4.0468,2.9107,4.2724,3.3872,4.4088,4.3952,4.2665
2017/5/15,2.716,4.0462,2.8833,4.2739,3.389,4.4184,4.3996,4.2679
2017/5/16,2.746,4.0477,2.8827,4.2784,3.393,4.4278,4.402,4.2727
2017/5/17,2.7525,4.0495,2.882,4.2831,3.397,4.4349,4.4021,4.2765
2017/5/18,2.7641,4.0525,2.8867,4.2864,3.4134,4.4439,4.4043,4.2814
2017/5/19,2.715,4.0571,2.88,4.2925,3.419,4.4641,4.413,4.285
2017/5/22,2.6745,4.061,2.8679,4.3024,3.4366,4.4744,4.4148,4.2881
2017/5/23,2.654,4.0624,2.8571,4.3137,3.4489,4.4956,4.4215,4.2965
2017/5/24,2.623,4.0643,2.8426,4.322,3.4513,4.5177,4.4262,4.3107
2017/5/25,2.611,4.0646,2.843,4.3342,3.4576,4.5338,4.4368,4.3251
2017/5/26,2.609,4.0655,2.853,4.3435,3.4644,4.5424,4.4437,4.3346
2017/5/31,2.6365,4.0763,2.856,4.3579,3.4711,4.5641,4.4499,4.3443
2017/6/1,2.6525,4.1013,2.866,4.37,3.4738,4.5779,4.451,4.3487
2017/6/2,2.7953,4.1892,2.884,4.3773,3.484,4.6012,4.449,4.3529
2017/6/5,2.8167,4.283,2.894,4.3862,3.493,4.6225,4.4542,4.3623
2017/6/6,2.8419,4.3633,2.8959,4.3922,3.4992,4.6577,4.4631,4.3668
2017/6/7,2.809,4.4304,2.8919,4.3991,3.5119,4.6988,4.4844,4.3758
2017/6/8,2.8199,4.5146,2.8939,4.406,3.526,4.7306,4.4955,4.3836
2017/6/9,2.8275,4.5854,2.8949,4.4116,3.535,4.7555,4.5056,4.3884
2017/6/12,2.8302,4.6273,2.8968,4.4172,3.5495,4.7763,4.5176,4.3891
2017/6/13,2.832,4.6529,2.9,4.4208,3.557,4.7827,4.5258,4.3949
2017/6/14,2.825,4.6826,2.9026,4.4231,3.566,4.7827,4.5326,4.3985
2017/6/15,2.8317,4.6946,2.9047,4.4264,3.569,4.7723,4.5353,4.4039
2017/6/16,2.8528,4.699,2.914,4.4297,3.5833,4.7613,4.5416,4.4064
2017/6/19,2.8635,4.6979,2.9204,4.431,3.6223,4.747,4.543,4.4094
2017/6/20,2.8776,4.6584,2.93,4.4368,3.6501,4.7141,4.5389,4.414
2017/6/21,2.889,4.6322,2.9429,4.4359,3.687,4.688,4.5349,4.4181
2017/6/22,2.869,4.607,2.9432,4.4342,3.7333,4.6521,4.5306,4.4177
2017/6/23,2.81,4.589,2.936,4.4345,3.7634,4.63,4.5277,4.4167
2017/6/26,2.717,4.5738,2.9063,4.4369,3.764,4.6125,4.521,4.4154
2017/6/27,2.626,4.548,2.8834,4.433,3.765,4.5833,4.5134,4.411
2017/6/28,2.5596,4.5219,2.8577,4.4299,3.762,4.5522,4.4998,4.4086
2017/6/29,2.539,4.4955,2.8507,4.4193,3.7595,4.5211,4.4833,4.402
2017/6/30,2.618,4.4608,2.8455,4.4203,3.751,4.5009,4.4743,4.4006
2017/7/3,2.72,4.4252,2.841,4.4193,3.745,4.4857,4.47,4.4005
2017/7/4,2.6897,4.3987,2.8299,4.4162,3.7342,4.4606,4.4569,4.4
2017/7/5,2.583,4.338,2.8028,4.413,3.7206,4.4285,4.4431,4.4
2017/7/6,2.5473,4.2762,2.7919,4.4108,3.708,4.3876,4.4274,4.399
2017/7/7,2.533,4.215,2.7858,4.4091,3.699,4.3607,4.41,4.398
2017/7/10,2.549,4.161,2.784,4.4073,3.693,4.3421,4.4006,4.398
2017/7/11,2.621,4.1205,2.812,4.4075,3.691,4.3212,4.3995,4.398
2017/7/12,2.646,4.0848,2.8156,4.4066,3.6918,4.3088,4.3909,4.3961
2017/7/13,2.659,4.0675,2.8184,4.4074,3.694,4.29,4.3879,4.3978
2017/7/14,2.627,4.0397,2.803,4.4051,3.686,4.281,4.385,4.395
2017/7/17,2.6329,4.012,2.8057,4.405,3.6809,4.2706,4.379,4.3929
2017/7/18,2.701,3.9989,2.8293,4.4034,3.6926,4.2666,4.3692,4.3879
2017/7/19,2.722,3.992,2.842,4.4008,3.6973,4.26,4.3685,4.3854
2017/7/20,2.7534,3.9792,2.853,4.3976,3.705,4.2551,4.3597,4.3812
2017/7/21,2.733,3.9497,2.847,4.3977,3.702,4.255,4.3517,4.3804
2017/7/24,2.708,3.93,2.845,4.396,3.699,4.255,4.3453,4.3782
2017/7/25,2.7147,3.9205,2.849,4.3935,3.698,4.254,4.3444,4.377
2017/7/26,2.725,3.9086,2.849,4.3904,3.6997,4.251,4.3434,4.3759
2017/7/27,2.786,3.8994,2.8626,4.3908,3.703,4.25,4.3432,4.376
2017/7/28,2.8152,3.8915,2.877,4.3892,3.703,4.2514,4.3481,4.3761
2017/7/31,2.806,3.889,2.882,4.3881,3.705,4.2561,4.3493,4.379
2017/8/1,2.8093,3.8886,2.886,4.3931,3.708,4.2631,4.3518,4.3815
2017/8/2,2.832,3.8875,2.892,4.3961,3.707,4.2681,4.3521,4.3837
2017/8/3,2.807,3.8884,2.884,4.3982,3.7037,4.2704,4.3563,4.3838
2017/8/4,2.721,3.8828,2.8657,4.3979,3.7,4.2724,4.3562,4.3822
2017/8/7,2.736,3.8781,2.865,4.398,3.699,4.2733,4.3573,4.3821
2017/8/8,2.784,3.8755,2.871,4.397,3.701,4.2735,4.3614,4.3821
2017/8/9,2.8018,3.8756,2.8821,4.398,3.702,4.2818,4.3633,4.3823
2017/8/10,2.797,3.8691,2.8767,4.3985,3.702,4.2867,4.3636,4.3836
2017/8/11,2.79,3.8627,2.8725,4.3985,3.7,4.2979,4.3673,4.3837
2017/8/14,2.7743,3.8512,2.868,4.3981,3.7,4.3148,4.3763,4.3859
2017/8/15,2.798,3.848,2.874,4.3999,3.7,4.3268,4.3795,4.3888
2017/8/16,2.8213,3.85,2.88,4.4,3.702,4.3363,4.3787,4.3892
2017/8/17,2.8352,3.8582,2.8927,4.4,3.708,4.3417,4.3818,4.3899
2017/8/18,2.8355,3.8644,2.894,4.401,3.7154,4.344,4.3836,4.3912
2017/8/21,2.8482,3.8671,2.897,4.402,3.7247,4.3464,4.3847,4.3923
2017/8/22,2.8171,3.8712,2.8985,4.4032,3.7279,4.3505,4.3872,4.3924
2017/8/23,2.8453,3.8757,2.9028,4.4041,3.7323,4.3571,4.3892,4.3929
2017/8/24,2.8479,3.8839,2.904,4.4051,3.7385,4.3619,4.3896,4.394
2017/8/25,2.855,3.8872,2.9098,4.4068,3.739,4.3689,4.3898,4.3945
2017/8/28,2.851,3.8915,2.9064,4.4078,3.7399,4.374,4.3924,4.3975
2017/8/29,2.922,3.8962,2.921,4.4107,3.7447,4.3765,4.3937,4.4008
2017/8/30,2.9237,3.9055,2.9266,4.4133,3.75,4.3867,4.3968,4.4018
2017/8/31,2.831,3.892,2.8879,4.4038,3.7336,4.3728,4.3884,4.3945
2017/9/1,2.813,3.892,2.8764,4.4023,3.7262,4.3741,4.3861,4.3919
2017/9/4,2.75,3.9032,2.8572,4.4017,3.7238,4.4023,4.3919,4.3916
2017/9/5,2.665,3.9094,2.8202,4.4032,3.715,4.4173,4.3961,4.3942
2017/9/6,2.641,3.919,2.8092,4.4034,3.713,4.4271,4.3981,4.3965
2017/9/7,2.6406,3.9335,2.8056,4.4055,3.711,4.4348,4.4014,4.4006
2017/9/8,2.636,3.937,2.8023,4.4059,3.7088,4.4281,4.4019,4.4011
2017/9/11,2.644,3.9339,2.8014,4.4033,3.7085,4.4034,4.3974,4.4011
2017/9/12,2.6483,3.9354,2.8036,4.4009,3.7085,4.3768,4.3908,4.397
2017/9/13,2.65,3.9305,2.8056,4.401,3.7103,4.3711,4.3891,4.3957
2017/9/14,2.681,3.9361,2.8239,4.399,3.713,4.3675,4.3874,4.397
2017/9/15,2.6958,3.951,2.832,4.4015,3.7218,4.3647,4.387,4.398
2017/9/18,2.756,3.9667,2.844,4.4012,3.737,4.3643,4.3874,4.3976
2017/9/19,2.832,3.9815,2.868,4.4032,3.7524,4.3638,4.3903,4.3988
2017/9/20,2.79,3.9854,2.869,4.404,3.758,4.367,4.3918,4.3989
2017/9/21,2.8057,3.9897,2.869,4.4031,3.7639,4.3675,4.3919,4.397
2017/9/22,2.756,3.9908,2.858,4.4028,3.7659,4.3611,4.39,4.399
2017/9/25,2.758,3.9941,2.8987,4.4033,3.7719,4.3578,4.3884,4.3977
2017/9/26,2.837,4.0062,2.9291,4.404,3.7811,4.3558,4.3875,4.3978
2017/9/27,2.863,4.0174,2.9494,4.4048,3.791,4.3565,4.3875,4.399
2017/9/28,2.917,4.0565,2.9675,4.4049,3.7929,4.356,4.3866,4.398
2017/9/29,2.804,4.0743,2.9639,4.4043,3.8077,4.3561,4.3865,4.3976
2017/10/9,2.74,4.0614,2.9201,4.403,3.818,4.3502,4.3878,4.399
2017/10/10,2.738,4.056,2.939,4.403,3.813,4.3541,4.3868,4.398
2017/10/11,2.741,4.052,2.9247,4.4025,3.8097,4.3555,4.3872,4.3983
2017/10/12,2.657,4.0512,2.886,4.401,3.7989,4.3581,4.3877,4.3973
2017/10/13,2.605,4.049,2.8516,4.4017,3.7923,4.3599,4.3868,4.398
2017/10/16,2.594,4.0427,2.848,4.4012,3.7784,4.3668,4.3875,4.3978
2017/10/17,2.6003,4.0356,2.8483,4.4015,3.7732,4.3711,4.388,4.3979
2017/10/18,2.596,4.0342,2.8468,4.4018,3.7719,4.3729,4.3887,4.3978
2017/10/19,2.592,4.0285,2.8405,4.4016,3.7758,4.3737,4.3892,4.3977
2017/10/20,2.5782,4.0235,2.8379,4.4032,3.7812,4.3758,4.3883,4.399
2017/10/23,2.616,4.02,2.8341,4.4032,3.7879,4.3793,4.3888,4.398
2017/10/24,2.634,4.0186,2.8343,4.4017,3.795,4.3803,4.3892,4.398
2017/10/25,2.664,4.0188,2.8594,4.4029,3.802,4.383,4.3891,4.398
2017/10/26,2.6937,4.019,2.8699,4.4049,3.807,4.3845,4.3916,4.3988
2017/10/27,2.7181,4.0194,2.8788,4.4045,3.8206,4.3901,4.3926,4.4001
2017/10/30,2.72,4.02,2.888,4.4107,3.8343,4.3926,4.3936,4.402
2017/10/31,2.736,4.027,2.894,4.4176,3.846,4.3954,4.3978,4.4063
2017/11/1,2.739,4.029,2.894,4.4223,3.85,4.408,4.4034,4.4114
2017/11/2,2.626,4.0289,2.859,4.4287,3.836,4.4099,4.4101,4.4171
2017/11/3,2.5772,4.0133,2.8249,4.4338,3.8287,4.4217,4.4165,4.4235
2017/11/6,2.512,4.0059,2.797,4.4364,3.8122,4.4294,4.4297,4.4237
2017/11/7,2.552,3.9975,2.7878,4.4402,3.7999,4.4314,4.4319,4.4255
2017/11/8,2.595,3.9935,2.7892,4.4422,3.798,4.4377,4.439,4.4345
2017/11/9,2.646,4.0034,2.811,4.4497,3.8,4.4568,4.4489,4.4403
2017/11/10,2.717,4.0104,2.8455,4.4573,3.812,4.4747,4.4569,4.4482
2017/11/13,2.787,4.0132,2.8592,4.4661,3.8228,4.5155,4.4675,4.4583
2017/11/14,2.827,4.0144,2.8765,4.4778,3.833,4.5346,4.4968,4.4686
2017/11/15,2.806,4.0164,2.886,4.5018,3.84,4.5455,4.5227,4.4946
2017/11/16,2.8,4.027,2.886,4.5432,3.843,4.5656,4.5437,4.5225
2017/11/17,2.738,4.0307,2.865,4.5704,3.846,4.6016,4.5804,4.5553
2017/11/20,2.786,4.0301,2.859,4.575,3.85,4.6222,4.606,4.5636
2017/11/21,2.808,4.0351,2.861,4.5835,3.853,4.6243,4.6086,4.5694
2017/11/22,2.809,4.0376,2.868,4.5904,3.86,4.6375,4.6159,4.582
2017/11/23,2.803,4.0388,2.871,4.5971,3.87,4.6518,4.6236,4.5862
2017/11/24,2.797,4.0379,2.873,4.6018,3.872,4.6722,4.6344,4.5907
2017/11/27,2.819,4.0368,2.883,4.6072,3.875,4.7103,4.6495,4.5975
2017/11/28,2.799,4.0367,2.883,4.6138,3.879,4.728,4.666,4.6028
2017/11/29,2.683,4.037,2.877,4.6194,3.881,4.7438,4.6796,4.6093
2017/11/30,2.788,4.072,2.898,4.629,3.884,4.7594,4.703,4.62
2017/12/1,2.642,4.1632,2.851,4.6329,3.876,4.7639,4.7093,4.623
2017/12/4,2.6,4.2384,2.816,4.6383,3.86,4.7804,4.722,4.6273
2017/12/5,2.579,4.3039,2.799,4.6459,3.853,4.7901,4.7312,4.6378
2017/12/6,2.573,4.3394,2.787,4.6486,3.849,4.783,4.7322,4.6418
2017/12/7,2.585,4.395,2.791,4.6519,3.851,4.7873,4.7343,4.6492
2017/12/8,2.608,4.4335,2.799,4.6562,3.851,4.7918,4.7485,4.652
2017/12/11,2.688,4.4574,2.818,4.6607,3.851,4.7992,4.7629,4.6542
2017/12/12,2.726,4.4898,2.83,4.6651,3.857,4.799,4.7703,4.6565
2017/12/13,2.788,4.524,2.851,4.6716,3.863,4.8039,4.7821,4.6647
2017/12/14,2.803,4.5534,2.868,4.6862,3.87,4.8144,4.7963,4.6765
2017/12/15,2.724,4.5814,2.871,4.6997,3.871,4.8175,4.8067,4.6817
2017/12/18,2.723,4.6382,2.871,4.697,3.883,4.8348,4.8097,4.6852
2017/12/19,2.741,4.6869,2.873,4.6987,3.891,4.8385,4.812,4.6926
2017/12/20,2.73,4.7377,2.874,4.7219,3.898,4.8559,4.8322,4.6943
2017/12/21,2.665,4.7718,2.871,4.7382,3.904,4.8676,4.8473,4.7005
2017/12/22,2.612,4.8402,2.867,4.7489,3.909,4.8908,4.8698,4.7051
2017/12/25,2.569,4.9162,2.881,4.7605,3.9194,4.9092,4.8885,4.7102
2017/12/26,2.589,4.9277,2.892,4.7631,3.935,4.909,4.8839,4.7131
2017/12/27,2.666,4.93,2.905,4.7594,3.957,4.9129,4.8804,4.7154
2017/12/28,2.672,4.932,2.925,4.761,3.972,4.9123,4.8821,4.7166
2017/12/29,2.84,4.9352,2.954,4.7581,3.989,4.9133,4.8823,4.7207
2018/1/2,2.657,4.743,2.839,4.747,3.943,4.804,4.831,4.715
2018/1/3,2.5635,4.622,2.785,4.736,3.87,4.73,4.783,4.711
2018/1/4,2.505,4.476,2.76,4.7286,3.802,4.687,4.738,4.702
2018/1/5,2.484,4.3756,2.745,4.7249,3.749,4.6637,4.7118,4.699
2018/1/8,2.461,4.2886,2.737,4.72,3.72,4.6594,4.7052,4.6989
2018/1/9,2.529,4.2209,2.744,4.72,3.698,4.657,4.7026,4.697
2018/1/10,2.643,4.1821,2.776,4.72,3.706,4.6607,4.699,4.697
2018/1/11,2.832,4.1632,2.832,4.723,3.776,4.6701,4.7049,4.7017
2018/1/12,2.83,4.1134,2.864,4.7233,3.808,4.6791,4.7085,4.7052
2018/1/15,2.794,4.0904,2.86,4.7253,3.816,4.683,4.7139,4.7116
2018/1/16,2.785,4.0941,2.879,4.7296,3.828,4.6843,4.7124,4.7142
2018/1/17,2.765,4.0905,2.878,4.732,3.837,4.6935,4.7133,4.7165
2018/1/18,2.7655,4.0921,2.878,4.7332,3.843,4.7044,4.7154,4.7237
2018/1/19,2.836,4.1113,2.891,4.7384,3.846,4.7115,4.7216,4.7274
2018/1/22,2.771,4.1122,2.889,4.7429,3.854,4.7122,4.7272,4.7318
2018/1/23,2.602,4.1123,2.863,4.7423,3.86,4.7163,4.7278,4.7322
2018/1/24,2.574,4.1183,2.832,4.7423,3.863,4.7267,4.7268,4.7323
2018/1/25,2.5634,4.1269,2.8498,4.7423,3.86,4.7317,4.7297,4.7333
2018/1/26,2.5506,4.1257,2.842,4.7423,3.86,4.7292,4.727,4.7324
2018/1/29,2.566,4.1276,2.842,4.7423,3.863,4.727,4.7287,4.7303
2018/1/30,2.554,4.1288,2.838,4.7423,3.858,4.7267,4.7299,4.7311
2018/1/31,2.594,4.1289,2.8298,4.7423,3.8552,4.7257,4.73,4.7312
2018/2/1,2.5154,4.1329,2.7925,4.7463,3.8642,4.7276,4.732,4.7332
2018/2/2,2.5173,4.1293,2.788,4.7457,3.867,4.7278,4.7322,4.7314
2018/2/5,2.5305,4.107,2.7758,4.7446,3.872,4.7258,4.7323,4.7302
2018/2/6,2.539,4.0887,2.7706,4.7465,3.875,4.7206,4.7313,4.7321
2018/2/7,2.571,4.0809,2.771,4.745,3.883,4.707,4.7302,4.7323
2018/2/8,2.572,4.078,2.904,4.7455,3.885,4.696,4.7291,4.7313
2018/2/9,2.589,4.074,2.918,4.7456,3.892,4.6936,4.729,4.7312
2018/2/12,2.585,4.075,2.918,4.7456,3.919,4.696,4.7269,4.7312
2018/2/13,2.587,4.0705,2.928,4.7456,3.948,4.7006,4.7287,4.7312
2018/2/14,2.723,4.0751,2.91,4.744,3.876,4.7031,4.728,4.731
2018/2/22,2.631,4.0666,2.891,4.7434,3.855,4.7054,4.7268,4.7281
2018/2/23,2.597,4.0557,2.881,4.742,3.863,4.7076,4.7307,4.7299
2018/2/26,2.571,4.0443,2.87,4.742,3.8459,4.7128,4.729,4.73
2018/2/27,2.561,4.038,2.861,4.7422,3.8329,4.7103,4.727,4.73
2018/2/28,2.708,4.0428,2.906,4.742,3.842,4.7131,4.7287,4.73
2018/3/1,2.691,4.0403,2.896,4.742,3.839,4.7154,4.7289,4.73
2018/3/2,2.773,4.0451,2.897,4.742,3.838,4.7191,4.7319,4.73
2018/3/5,2.652,4.0726,2.894,4.742,3.84,4.722,4.7332,4.73
2018/3/6,2.617,4.1453,2.886,4.742,3.839,4.7332,4.7334,4.73
2018/3/7,2.592,4.1936,2.873,4.742,3.836,4.7364,4.7404,4.7305
2018/3/8,2.57,4.2544,2.862,4.7418,3.833,4.7407,4.7468,4.7313
2018/3/9,2.573,4.3265,2.857,4.7418,3.829,4.741,4.7508,4.7313
2018/3/12,2.586,4.3707,2.858,4.7418,3.828,4.735,4.7518,4.7313
2018/3/13,2.637,4.4071,2.87,4.7418,3.828,4.725,4.7518,4.7313
2018/3/14,2.633,4.4578,2.869,4.7418,3.827,4.719,4.7568,4.7313
2018/3/15,2.632,4.4908,2.866,4.7418,3.826,4.7139,4.7588,4.7318
2018/3/16,2.586,4.5101,2.865,4.7418,3.827,4.712,4.7488,4.7318
2018/3/19,2.561,4.5121,2.863,4.7418,3.825,4.704,4.7418,4.7318
2018/3/20,2.558,4.5093,2.861,4.7418,3.827,4.685,4.734,4.7318
2018/3/21,2.559,4.5042,2.858,4.7418,3.836,4.6751,4.7185,4.7285
2018/3/22,2.549,4.4662,2.8538,4.737,3.848,4.6621,4.7095,4.7178
2018/3/23,2.545,4.4364,2.8464,4.7248,3.855,4.6489,4.7005,4.7133
2018/3/26,2.543,4.4094,2.862,4.7233,3.855,4.6351,4.6925,4.7088
2018/3/27,2.5935,4.3906,2.874,4.7188,3.8645,4.6239,4.6606,4.7043
2018/3/28,2.592,4.3421,2.889,4.7148,3.8655,4.6174,4.6656,4.6999
2018/3/29,2.581,4.3133,2.8958,4.678,3.871,4.5247,4.6053,4.6405
2018/3/30,2.69,4.2884,2.9166,4.6508,3.881,4.4615,4.5686,4.6021
2018/4/2,2.622,4.1879,2.883,4.625,3.8465,4.4052,4.5309,4.5623
2018/4/3,2.574,4.1268,2.87,4.6033,3.837,4.3506,4.4931,4.5313
2018/4/4,2.469,4.0597,2.83,4.58,3.781,4.3101,4.474,4.5112
2018/4/9,2.528,3.9701,2.806,4.5489,3.717,4.2579,4.414,4.4726
2018/4/10,2.551,3.915,2.807,4.542,3.693,4.229,4.394,4.4666
2018/4/11,2.561,3.871,2.804,4.538,3.684,4.209,4.38,4.459
2018/4/12,2.557,3.842,2.8,4.536,3.674,4.199,4.367,4.453
2018/4/13,2.557,3.825,2.798,4.535,3.671,4.179,4.356,4.451
2018/4/16,2.582,3.821,2.802,4.534,3.676,4.173,4.351,4.448
2018/4/17,2.665,3.834,2.843,4.537,3.715,4.174,4.351,4.444
2018/4/18,2.679,3.821,2.858,4.5,3.748,4.103,4.313,4.415
2018/4/19,2.733,3.791,2.884,4.448,3.782,4.05,4.275,4.378
2018/4/20,2.747,3.761,2.893,4.419,3.8,4.017,4.238,4.353
2018/4/23,2.724,3.751,2.9,4.409,3.807,4.004,4.211,4.336
2018/4/24,2.736,3.748,2.907,4.394,3.819,3.991,4.193,4.326
2018/4/25,2.728,3.78,2.911,4.38,3.821,3.984,4.185,4.317
2018/4/26,2.765,3.865,2.925,4.383,3.828,3.992,4.183,4.315
2018/4/27,2.921,3.899,2.978,4.385,3.86,4.007,4.184,4.313
2018/5/2,2.72,3.893,2.892,4.376,3.824,4.003,4.174,4.306
2018/5/3,2.681,3.87,2.852,4.364,3.783,3.993,4.162,4.296
2018/5/4,2.594,3.851,2.806,4.357,3.7353,3.993,4.154,4.291
2018/5/7,2.582,3.84,2.768,4.349,3.692,3.9943,4.15,4.285
2018/5/8,2.575,3.829,2.751,4.348,3.663,3.9994,4.151,4.2825
2018/5/9,2.52,3.816,2.734,4.346,3.639,4.013,4.152,4.278
2018/5/10,2.509,3.806,2.723,4.346,3.621,4.034,4.152,4.282
2018/5/11,2.487,3.799,2.713,4.348,3.606,4.05,4.155,4.285
2018/5/14,2.58,3.801,2.738,4.353,3.594,4.06,4.162,4.289
2018/5/15,2.641,3.813,2.773,4.355,3.611,4.072,4.172,4.297
2018/5/16,2.766,3.825,2.835,4.363,3.649,4.082,4.188,4.304
2018/5/17,2.597,3.831,2.803,4.366,3.649,4.101,4.194,4.306
2018/5/18,2.563,3.833,2.768,4.37,3.656,4.147,4.202,4.309
2018/5/21,2.527,3.832,2.756,4.371,3.669,4.151,4.207,4.309
2018/5/22,2.525,3.838,2.755,4.371,3.673,4.16,4.207,4.307
2018/5/23,2.53,3.841,2.752,4.373,3.679,4.173,4.211,4.309
2018/5/24,2.53,3.845,2.751,4.371,3.68,4.193,4.215,4.311
2018/5/25,2.528,3.847,2.794,4.373,3.687,4.215,4.229,4.315
2018/5/28,2.533,3.84,2.806,4.376,3.69,4.242,4.243,4.318
2018/5/29,2.742,3.85,2.848,4.381,3.715,4.282,4.265,4.326
2018/5/30,2.884,3.872,2.895,4.385,3.729,4.312,4.289,4.33
2018/5/31,2.831,3.905,2.898,4.388,3.735,4.329,4.296,4.333
2018/6/1,2.801,3.966,2.897,4.391,3.738,4.339,4.304,4.336
2018/6/4,2.599,3.993,2.818,4.393,3.727,4.341,4.307,4.34
2018/6/5,2.584,4.025,2.802,4.394,3.713,4.346,4.308,4.343
2018/6/6,2.562,4.042,2.792,4.394,3.689,4.354,4.307,4.343
2018/6/7,2.555,4.05,2.783,4.395,3.675,4.35,4.307,4.344
2018/6/8,2.563,4.054,2.772,4.397,3.662,4.351,4.311,4.345
2018/6/11,2.573,4.083,2.776,4.398,3.656,4.353,4.313,4.348
2018/6/12,2.584,4.087,2.789,4.399,3.659,4.352,4.317,4.349
2018/6/13,2.589,4.101,2.8,4.4,3.656,4.351,4.321,4.35
2018/6/14,2.591,4.107,2.809,4.4,3.665,4.351,4.323,4.352
2018/6/15,2.592,4.126,2.81,4.399,3.663,4.352,4.332,4.353
2018/6/19,2.59,4.144,2.809,4.4,3.69,4.346,4.324,4.352
2018/6/20,2.619,4.157,2.822,4.4,3.713,4.334,4.326,4.352
2018/6/21,2.593,4.157,2.825,4.4,3.735,4.329,4.322,4.351
2018/6/22,2.586,4.151,2.819,4.398,3.751,4.305,4.312,4.35
2018/6/25,2.564,4.134,2.826,4.385,3.76,4.272,4.3,4.333
2018/6/26,2.518,4.125,2.831,4.381,3.78,4.261,4.296,4.329
2018/6/27,2.445,4.097,2.834,4.37,3.793,4.242,4.274,4.31
2018/6/28,2.289,4.064,2.841,4.352,3.811,4.192,4.241,4.292
2018/6/29,2.628,4.031,2.862,4.331,3.825,4.155,4.223,4.273
2018/7/2,2.519,4.004,2.78,4.298,3.778,4.104,4.193,4.243
2018/7/3,2.42,3.8824,2.719,4.2238,3.658,3.9944,4.1253,4.1703
2018/7/4,2.199,3.732,2.662,4.149,3.493,3.919,4.051,4.097
2018/7/5,2.132,3.571,2.605,4.082,3.292,3.818,3.97,4.033
2018/7/6,1.967,3.446,2.588,4.039,3.176,3.74,3.904,3.976
2018/7/9,1.991,3.34,2.602,4.009,3.104,3.682,3.87,3.946
2018/7/10,2.308,3.285,2.657,3.994,3.068,3.649,3.847,3.928
2018/7/11,2.406,3.241,2.679,3.976,3.045,3.632,3.82,3.911
2018/7/12,2.487,3.222,2.686,3.969,3.031,3.626,3.805,3.908
2018/7/13,2.48,3.208,2.686,3.961,3.027,3.613,3.799,3.902
2018/7/16,2.557,3.21,2.699,3.962,3.018,3.608,3.8,3.903
2018/7/17,2.591,3.2151,2.703,3.969,3.007,3.601,3.8,3.901
2018/7/18,2.525,3.214,2.702,3.969,2.991,3.588,3.793,3.895
2018/7/19,2.416,3.198,2.683,3.962,2.973,3.561,3.776,3.887
2018/7/20,2.346,3.183,2.675,3.953,2.961,3.536,3.748,3.875
2018/7/23,2.362,3.162,2.658,3.923,2.936,3.503,3.724,3.85
2018/7/24,2.353,3.121,2.655,3.897,2.913,3.475,3.69,3.814
2018/7/25,2.349,3.103,2.667,3.851,2.897,3.419,3.634,3.77
2018/7/26,2.321,3.071,2.66,3.812,2.878,3.363,3.556,3.727
2018/7/27,2.284,3.035,2.654,3.781,2.853,3.303,3.514,3.688
2018/7/30,2.198,2.994,2.651,3.737,2.831,3.233,3.433,3.633
2018/7/31,2.066,2.965,2.648,3.712,2.812,3.174,3.38,3.589
2018/8/1,2.028,2.935,2.622,3.682,2.776,3.119,3.333,3.554
2018/8/2,1.97,2.884,2.584,3.626,2.72,3.056,3.269,3.504
2018/8/3,1.849,2.837,2.525,3.551,2.676,3.003,3.213,3.432
2018/8/6,1.819,2.791,2.469,3.475,2.606,2.954,3.144,3.35
2018/8/7,1.613,2.728,2.386,3.395,2.519,2.895,3.068,3.271
2018/8/8,1.422,2.678,2.345,3.314,2.453,2.842,2.995,3.195
2018/8/9,1.622,2.643,2.45,3.256,2.458,2.816,2.954,3.152
2018/8/10,1.826,2.616,2.426,3.244,2.466,2.801,2.925,3.131
2018/8/13,2.113,2.603,2.491,3.235,2.471,2.791,2.915,3.119
2018/8/14,2.328,2.613,2.589,3.265,2.495,2.799,2.925,3.133
2018/8/15,2.345,2.631,2.612,3.285,2.515,2.807,2.93,3.155
2018/8/16,2.511,2.639,2.637,3.329,2.56,2.813,2.946,3.184
2018/8/17,2.58,2.653,2.65,3.364,2.605,2.817,2.971,3.219
2018/8/20,2.625,2.676,2.674,3.406,2.69,2.83,2.997,3.276
2018/8/21,2.636,2.694,2.681,3.446,2.739,2.856,3.053,3.325
2018/8/22,2.538,2.701,2.662,3.491,2.75,2.878,3.076,3.352
2018/8/23,2.454,2.731,2.649,3.512,2.755,2.887,3.128,3.405
2018/8/24,2.392,2.738,2.612,3.511,2.748,2.889,3.156,3.408
2018/8/27,2.44,2.751,2.642,3.512,2.747,2.895,3.172,3.411
2018/8/28,2.4255,2.75,2.647,3.514,2.728,2.899,3.195,3.41
2018/8/29,2.3895,2.742,2.646,3.509,2.702,2.897,3.207,3.411
2018/8/30,2.277,2.727,2.64,3.506,2.686,2.894,3.209,3.411
2018/8/31,2.309,2.72,2.633,3.503,2.68,2.894,3.207,3.415
2018/9/3,2.277,2.716,2.621,3.502,2.665,2.887,3.207,3.413
2018/9/4,2.195,2.706,2.6,3.5,2.646,2.878,3.205,3.409
2018/9/5,2.164,2.696,2.552,3.5,2.623,2.85,3.2,3.403
2018/9/6,2.494,2.7,2.633,3.5,2.638,2.845,3.201,3.407
2018/9/7,2.591,2.712,2.673,3.5,2.705,2.851,3.202,3.409
2018/9/10,2.573,2.723,2.679,3.5,2.715,2.842,3.209,3.414
2018/9/11,2.59,2.735,2.686,3.501,2.735,2.848,3.213,3.419
2018/9/12,2.557,2.751,2.675,3.513,2.734,2.846,3.216,3.437
2018/9/13,2.53,2.76,2.663,3.521,2.732,2.843,3.222,3.447
2018/9/14,2.489,2.756,2.645,3.5225,2.714,2.83,3.224,3.452
2018/9/17,2.466,2.749,2.639,3.516,2.706,2.822,3.227,3.448
2018/9/18,2.654,2.753,2.685,3.514,2.719,2.82,3.233,3.449
2018/9/19,2.562,2.751,2.668,3.513,2.719,2.818,3.235,3.453
2018/9/20,2.519,2.753,2.659,3.512,2.733,2.812,3.241,3.448
2018/9/21,2.514,2.754,2.654,3.516,2.746,2.815,3.248,3.453
2018/9/25,2.543,2.771,2.692,3.52,2.791,2.827,3.257,3.461
2018/9/26,2.553,2.785,2.711,3.523,2.879,2.83,3.267,3.475
2018/9/27,2.46,2.799,2.722,3.526,2.986,2.838,3.275,3.484
2018/9/28,2.445,2.8,2.73,3.527,3.127,2.843,3.282,3.486
2018/10/8,2.536,2.781,2.657,3.512,2.766,2.836,3.269,3.476
2018/10/9,2.502,2.734,2.633,3.504,2.703,2.816,3.258,3.464
2018/10/10,2.398,2.705,2.618,3.502,2.673,2.81,3.253,3.459
2018/10/11,2.36,2.692,2.611,3.506,2.65,2.801,3.251,3.455
2018/10/12,2.439,2.682,2.615,3.505,2.644,2.8,3.25,3.453
2018/10/15,2.377,2.668,2.612,3.505,2.637,2.801,3.253,3.451
2018/10/16,2.373,2.658,2.603,3.505,2.633,2.8,3.253,3.45
2018/10/17,2.353,2.651,2.604,3.505,2.632,2.818,3.254,3.45
2018/10/18,2.427,2.651,2.611,3.504,2.637,2.832,3.26,3.453
2018/10/19,2.445,2.655,2.622,3.507,2.648,2.842,3.267,3.456
2018/10/22,2.475,2.663,2.632,3.516,2.65,2.871,3.277,3.471
2018/10/23,2.451,2.672,2.635,3.532,2.653,2.903,3.289,3.488
2018/10/24,2.393,2.675,2.631,3.544,2.653,2.924,3.296,3.498
2018/10/25,2.215,2.675,2.63,3.552,2.651,2.948,3.297,3.505
2018/10/26,2.067,2.673,2.618,3.55,2.65,2.952,3.297,3.502
2018/10/29,1.852,2.672,2.609,3.55,2.651,2.958,3.297,3.502
2018/10/30,1.566,2.663,2.598,3.55,2.64,2.957,3.295,3.501
2018/10/31,2.37,2.689,2.715,3.55,2.73,2.963,3.298,3.504
2018/11/1,2.547,2.696,2.673,3.55,2.691,2.976,3.297,3.504
2018/11/2,2.477,2.694,2.649,3.55,2.662,2.981,3.296,3.505
2018/11/5,2.4345,2.691,2.638,3.55,2.652,2.986,3.294,3.505
2018/11/6,2.27,2.684,2.613,3.55,2.646,2.991,3.294,3.504
2018/11/7,2.0906,2.68,2.595,3.551,2.626,2.997,3.297,3.505
2018/11/8,1.978,2.678,2.6,3.55,2.619,3,3.299,3.506
2018/11/9,2.038,2.671,2.599,3.552,2.617,3.001,3.3,3.509
2018/11/12,2.309,2.675,2.624,3.553,2.627,3.001,3.3,3.51
2018/11/13,2.468,2.685,2.633,3.558,2.636,3.004,3.3,3.516
2018/11/14,2.325,2.685,2.632,3.554,2.638,3.008,3.298,3.512
2018/11/15,2.339,2.685,2.629,3.55,2.638,3.01,3.296,3.512
2018/11/16,2.345,2.684,2.629,3.553,2.641,3.023,3.297,3.513
2018/11/19,2.551,2.686,2.643,3.551,2.65,3.035,3.293,3.51
2018/11/20,2.609,2.696,2.665,3.543,2.677,3.053,3.294,3.505
2018/11/21,2.579,2.697,2.656,3.544,2.678,3.06,3.287,3.504
2018/11/22,2.456,2.697,2.642,3.535,2.668,3.064,3.281,3.495
2018/11/23,2.356,2.691,2.628,3.529,2.655,3.073,3.275,3.491
2018/11/26,2.498,2.693,2.644,3.525,2.661,3.085,3.277,3.488
2018/11/27,2.556,2.697,2.643,3.527,2.664,3.096,3.278,3.487
2018/11/28,2.539,2.699,2.65,3.528,2.663,3.104,3.277,3.486
2018/11/29,2.262,2.6969,2.65,3.5278,2.663,3.1094,3.2767,3.4836
2018/11/30,2.642,2.701,2.669,3.527,2.673,3.113,3.279,3.483
2018/12/3,2.515,2.714,2.618,3.527,2.648,3.117,3.275,3.478
2018/12/4,2.445,2.745,2.621,3.527,2.641,3.126,3.275,3.478
2018/12/5,2.267,2.782,2.581,3.526,2.613,3.133,3.276,3.478
2018/12/6,2.418,2.81,2.6,3.525,2.612,3.133,3.275,3.478
2018/12/7,2.416,2.828,2.611,3.525,2.618,3.136,3.277,3.478
2018/12/10,2.453,2.838,2.615,3.526,2.622,3.142,3.277,3.478
2018/12/11,2.463,2.848,2.624,3.521,2.625,3.145,3.274,3.475
2018/12/12,2.424,2.874,2.626,3.522,2.631,3.147,3.274,3.477
2018/12/13,2.519,2.9,2.636,3.52,2.638,3.149,3.273,3.477
2018/12/14,2.655,2.966,2.683,3.52,2.676,3.156,3.274,3.479
2018/12/17,2.625,3.002,2.697,3.52,2.727,3.164,3.275,3.48
2018/12/18,2.669,3.034,2.694,3.522,2.767,3.174,3.278,3.482
2018/12/19,2.654,3.047,2.69,3.524,2.788,3.181,3.278,3.482
2018/12/20,2.567,3.112,2.676,3.524,2.819,3.199,3.282,3.481
2018/12/21,2.486,3.154,2.649,3.517,2.866,3.209,3.284,3.48
2018/12/24,2.316,3.232,2.659,3.517,3.03,3.23,3.286,3.48
2018/12/25,2.028,3.302,2.653,3.518,3.13,3.273,3.289,3.48
2018/12/26,2.029,3.397,2.672,3.52,3.233,3.309,3.291,3.48
2018/12/27,1.793,3.47,2.695,3.52,3.322,3.339,3.294,3.48
2018/12/28,1.47,3.492,2.721,3.521,3.368,3.357,3.297,3.48
2019/1/2,2.3,3.2,2.634,3.511,2.802,3.285,3.292,3.472
2019/1/3,1.968,3.084,2.547,3.507,2.673,3.246,3.286,3.466
2019/1/4,1.649,3.01,2.563,3.497,2.615,3.215,3.27,3.453
2019/1/7,1.447,2.909,2.475,3.466,2.541,3.141,3.233,3.415
2019/1/8,1.414,2.825,2.372,3.431,2.487,3.093,3.206,3.384
2019/1/9,1.567,2.79,2.475,3.401,2.477,3.065,3.184,3.354
2019/1/10,1.743,2.781,2.587,3.377,2.502,3.031,3.149,3.321
2019/1/11,1.708,2.772,2.555,3.35,2.515,3.007,3.12,3.296
2019/1/14,1.878,2.775,2.629,3.337,2.541,2.984,3.106,3.284
2019/1/15,2.245,2.777,2.652,3.324,2.57,2.962,3.094,3.271
2019/1/16,2.306,2.777,2.64,3.314,2.576,2.942,3.079,3.262
2019/1/17,2.259,2.777,2.611,3.304,2.569,2.93,3.066,3.257
2019/1/18,2.1785,2.777,2.618,3.302,2.558,2.918,3.061,3.248
2019/1/21,2.24,2.786,2.594,3.3,2.637,2.915,3.055,3.241
2019/1/22,2.243,2.797,2.578,3.3,2.695,2.914,3.054,3.245
2019/1/23,2.244,2.806,2.584,3.3,2.709,2.909,3.052,3.246
2019/1/24,2.263,2.811,2.616,3.3,2.716,2.904,3.044,3.245
2019/1/25,2.362,2.819,2.626,3.294,2.748,2.902,3.037,3.239
2019/1/28,2.194,2.828,2.66,3.291,2.882,2.901,3.031,3.228
2019/1/29,2.078,2.835,2.766,3.282,2.982,2.9,3.027,3.211
2019/1/30,2.0021,2.84,2.765,3.271,2.997,2.901,3.026,3.199
2019/1/31,2.238,2.839,2.756,3.252,2.979,2.9,3.021,3.182
2019/2/1,2.1,2.835,2.722,3.241,2.843,2.9,3.017,3.168
2019/2/11,2.265,2.785,2.596,3.198,2.522,2.898,2.995,3.118
2019/2/12,2.017,2.76,2.513,3.172,2.497,2.872,2.961,3.079
2019/2/13,1.722,2.732,2.362,3.146,2.442,2.852,2.938,3.044
2019/2/14,1.721,2.714,2.33,3.119,2.397,2.83,2.908,3.015
2019/2/15,1.713,2.698,2.351,3.095,2.393,2.802,2.898,2.996
2019/2/18,1.8224,2.687,2.395,3.081,2.398,2.797,2.885,2.989
2019/2/19,1.967,2.676,2.398,3.073,2.404,2.778,2.876,2.979
2019/2/20,1.854,2.655,2.377,3.069,2.398,2.759,2.864,2.966
2019/2/21,2.03,2.651,2.399,3.063,2.409,2.749,2.858,2.958
2019/2/22,2.431,2.656,2.6,3.063,2.518,2.749,2.854,2.955
2019/2/25,2.605,2.659,2.658,3.059,2.628,2.752,2.85,2.953
2019/2/26,2.705,2.681,2.745,3.059,2.862,2.756,2.851,2.953
2019/2/27,2.654,2.686,2.75,3.061,2.887,2.756,2.852,2.954
2019/2/28,2.584,2.694,2.658,3.06,2.73,2.751,2.85,2.951
2019/3/1,2.155,2.7,2.511,3.059,2.565,2.75,2.85,2.95
2019/3/4,1.933,2.696,2.38,3.058,2.424,2.75,2.85,2.95
2019/3/5,2.266,2.699,2.574,3.055,2.49,2.75,2.85,2.95
2019/3/6,2.074,2.703,2.488,3.053,2.488,2.75,2.85,2.95
2019/3/7,2.06,2.705,2.517,3.054,2.487,2.751,2.85,2.95
2019/3/8,2.047,2.712,2.388,3.057,2.448,2.755,2.85,2.95
2019/3/11,2.092,2.7172,2.395,3.06,2.4328,2.7565,2.85,2.95
2019/3/12,2.365,2.732,2.601,3.066,2.458,2.761,2.851,2.95
2019/3/13,2.079,2.754,2.493,3.066,2.461,2.768,2.851,2.95
2019/3/14,2.31,2.774,2.598,3.072,2.48,2.777,2.854,2.953
2019/3/15,2.655,2.81,2.728,3.077,2.617,2.799,2.858,2.956
2019/3/18,2.756,2.832,2.709,3.082,2.861,2.814,2.86,2.958
2019/3/19,2.666,2.852,2.729,3.086,2.991,2.823,2.865,2.96
2019/3/20,2.714,2.875,2.711,3.088,2.946,2.833,2.865,2.962
2019/3/21,2.661,2.884,2.684,3.091,2.936,2.838,2.864,2.963
2019/3/22,2.62,2.884,2.664,3.092,2.97,2.837,2.862,2.962
2019/3/25,2.535,2.879,2.668,3.086,2.896,2.836,2.861,2.957
2019/3/26,2.495,2.862,2.704,3.08,2.901,2.828,2.859,2.95
2019/3/27,2.286,2.843,2.797,3.074,2.932,2.819,2.857,2.94
2019/3/28,2.041,2.825,2.705,3.062,2.923,2.807,2.848,2.931
2019/3/29,2.486,2.819,2.698,3.051,2.911,2.801,2.841,2.924
2019/4/1,2.315,2.782,2.579,3.047,2.713,2.795,2.835,2.917
2019/4/2,1.956,2.745,2.453,3.042,2.527,2.786,2.825,2.913
2019/4/3,1.663,2.697,2.357,3.044,2.403,2.767,2.818,2.909
2019/4/4,1.417,2.664,2.418,3.047,2.376,2.758,2.815,2.906
2019/4/8,1.428,2.65,2.483,3.047,2.378,2.754,2.816,2.906
2019/4/9,1.797,2.646,2.469,3.047,2.45,2.751,2.824,2.908
2019/4/10,2.278,2.655,2.654,3.053,2.566,2.755,2.833,2.914
2019/4/11,2.735,2.669,2.657,3.06,2.779,2.76,2.838,2.923
2019/4/12,2.652,2.686,2.669,3.067,2.805,2.761,2.842,2.924
2019/4/15,2.797,2.717,2.772,3.072,2.902,2.768,2.85,2.939
2019/4/16,2.883,2.759,2.787,3.077,2.982,2.774,2.853,2.947
2019/4/17,2.998,2.779,2.788,3.091,2.992,2.787,2.861,2.96
2019/4/18,2.812,2.795,2.75,3.096,3.008,2.806,2.864,2.964
2019/4/19,2.661,2.79,2.692,3.095,2.882,2.817,2.869,2.969
2019/4/22,2.557,2.791,2.654,3.101,2.896,2.822,2.872,2.974
2019/4/23,2.828,2.824,2.7,3.106,2.915,2.833,2.885,2.982
2019/4/24,2.752,2.838,2.764,3.108,2.967,2.855,2.903,2.991
2019/4/25,2.785,2.851,2.785,3.119,3.027,2.88,2.917,3.005
2019/4/26,2.496,2.859,2.735,3.129,3.012,2.896,2.932,3.016
2019/4/29,1.7,2.857,2.691,3.147,2.895,2.923,2.955,3.04
2019/4/30,2.086,2.856,2.683,3.159,2.86,2.93,2.963,3.044
2019/5/6,1.642,2.811,2.5285,3.156,2.537,2.934,2.956,3.051
2019/5/7,1.391,2.773,2.349,3.154,2.402,2.922,2.951,3.05
2019/5/8,1.141,2.741,2.286,3.151,2.372,2.91,2.947,3.05
2019/5/9,1.513,2.728,2.573,3.151,2.387,2.903,2.946,3.05
2019/5/10,1.826,2.72,2.568,3.151,2.408,2.895,2.948,3.05
2019/5/13,2.156,2.715,2.579,3.152,2.405,2.889,2.948,3.05
2019/5/14,2.4123,2.717,2.65,3.153,2.449,2.891,2.948,3.05
2019/5/15,2.5334,2.713,2.641,3.153,2.462,2.893,2.948,3.052
2019/5/16,2.281,2.708,2.607,3.157,2.44,2.896,2.947,3.051
2019/5/17,2.134,2.705,2.589,3.162,2.494,2.9,2.95,3.05
2019/5/20,2.5845,2.717,2.678,3.167,2.689,2.9,2.95,3.051
2019/5/21,2.75,2.756,2.699,3.177,2.784,2.9,2.95,3.056
2019/5/22,2.623,2.77,2.69,3.185,2.809,2.903,2.95,3.06
2019/5/23,2.584,2.784,2.648,3.19,2.757,2.901,2.951,3.063
2019/5/24,2.342,2.779,2.592,3.198,2.757,2.902,2.953,3.076
2019/5/27,2.666,2.792,2.711,3.202,2.803,2.904,2.956,3.093
2019/5/28,2.76,2.816,2.823,3.205,2.955,2.915,2.965,3.105
2019/5/29,2.491,2.818,2.785,3.206,2.981,2.917,2.966,3.108
2019/5/30,2.067,2.813,2.665,3.205,2.9,2.916,2.964,3.11
2019/5/31,2.194,2.816,2.65,3.206,2.801,2.912,2.963,3.11
2019/6/3,2.003,2.809,2.553,3.208,2.571,2.904,2.957,3.107
2019/6/4,1.738,2.821,2.399,3.208,2.414,2.902,2.953,3.108
2019/6/5,1.593,2.832,2.472,3.209,2.383,2.916,2.952,3.11
2019/6/6,1.521,2.841,2.572,3.212,2.378,2.924,2.953,3.111
2019/6/10,1.848,2.853,2.604,3.215,2.404,2.932,2.958,3.116
2019/6/11,2.053,2.859,2.589,3.213,2.428,2.94,2.973,3.115
2019/6/12,1.939,2.865,2.564,3.217,2.439,2.943,2.976,3.116
2019/6/13,1.924,2.878,2.583,3.22,2.44,2.944,2.982,3.119
2019/6/14,1.723,2.898,2.565,3.225,2.454,2.947,2.986,3.12
2019/6/17,1.801,2.898,2.491,3.228,2.669,2.947,2.991,3.121
2019/6/18,1.601,2.897,2.399,3.231,2.722,2.943,2.98,3.122
2019/6/19,1.447,2.891,2.386,3.218,2.787,2.929,2.967,3.122
2019/6/20,1.253,2.876,2.448,3.207,2.859,2.911,2.958,3.115
2019/6/21,1.112,2.852,2.416,3.19,2.807,2.895,2.938,3.112
2019/6/24,1,2.805,2.326,3.17,2.762,2.859,2.906,3.093
2019/6/25,1.023,2.76,2.466,3.138,2.711,2.809,2.878,3.075
2019/6/26,0.991,2.731,2.417,3.112,2.626,2.758,2.847,3.059
2019/6/27,0.9615,2.703,2.61,3.105,2.571,2.722,2.824,3.05
2019/6/28,1.3705,2.684,2.604,3.103,2.591,2.708,2.803,3.047
2019/7/1,1.065,2.603,2.319,3.099,2.364,2.681,2.779,3.042
2019/7/2,0.914,2.534,2.032,3.096,2.198,2.657,2.76,3.039
2019/7/3,0.877,2.492,2.145,3.096,2.095,2.641,2.751,3.036
2019/7/4,0.844,2.465,2.139,3.094,2.059,2.627,2.733,3.032
2019/7/5,1.055,2.463,2.271,3.084,2.066,2.606,2.712,3.024
2019/7/8,1.445,2.467,2.449,3.086,2.108,2.603,2.707,3.022
2019/7/9,1.773,2.484,2.54,3.087,2.374,2.601,2.702,3.019
2019/7/10,1.814,2.486,2.543,3.089,2.348,2.6,2.7,3.017
2019/7/11,1.998,2.483,2.497,3.088,2.32,2.6,2.7,3.015
2019/7/12,2.235,2.487,2.559,3.091,2.378,2.6,2.7,3.015
2019/7/15,2.6175,2.498,2.669,3.093,2.638,2.6,2.7,3.018
2019/7/16,2.725,2.532,2.724,3.096,2.88,2.609,2.702,3.018
2019/7/17,2.711,2.557,2.734,3.099,2.894,2.613,2.704,3.018
2019/7/18,2.772,2.577,2.748,3.101,2.951,2.623,2.704,3.018
2019/7/19,2.827,2.591,2.753,3.101,2.989,2.631,2.705,3.018
2019/7/22,2.6698,2.592,2.692,3.1,2.885,2.628,2.704,3.018
2019/7/23,2.562,2.591,2.634,3.097,2.765,2.628,2.703,3.017
2019/7/24,2.481,2.59,2.561,3.096,2.631,2.625,2.703,3.016
2019/7/25,2.628,2.594,2.642,3.096,2.663,2.625,2.704,3.015
2019/7/26,2.636,2.597,2.647,3.096,2.688,2.629,2.704,3.016
2019/7/29,2.629,2.6,2.657,3.098,2.69,2.631,2.706,3.016
2019/7/30,2.621,2.602,2.663,3.098,2.71,2.636,2.708,3.017
2019/7/31,2.642,2.606,2.673,3.098,2.704,2.644,2.708,3.017
2019/8/1,2.634,2.6,2.638,3.096,2.59,2.646,2.708,3.016
2019/8/2,2.634,2.6,2.647,3.096,2.599,2.649,2.707,3.018
2019/8/5,2.544,2.594,2.619,3.094,2.517,2.646,2.706,3.015
2019/8/6,2.261,2.584,2.494,3.087,2.486,2.635,2.703,3.01
2019/8/7,2.22,2.564,2.52,3.083,2.433,2.623,2.701,3.005
2019/8/8,2.5,2.562,2.578,3.0805,2.438,2.618,2.701,3.004
2019/8/9,2.596,2.571,2.644,3.0785,2.512,2.618,2.706,3.002
2019/8/12,2.629,2.588,2.656,3.0755,2.637,2.625,2.71,3.001
2019/8/13,2.667,2.613,2.703,3.0785,2.772,2.644,2.713,3.001
2019/8/14,2.689,2.636,2.695,3.083,2.803,2.656,2.72,3.001
2019/8/15,2.659,2.649,2.678,3.0825,2.772,2.661,2.726,2.997
2019/8/16,2.665,2.653,2.673,3.0775,2.776,2.666,2.728,2.996
2019/8/19,2.666,2.656,2.672,3.074,2.773,2.669,2.729,2.998
2019/8/20,2.642,2.656,2.664,3.068,2.791,2.671,2.73,2.999
2019/8/21,2.5832,2.655,2.653,3.064,2.754,2.674,2.734,2.996
2019/8/22,2.544,2.656,2.642,3.059,2.754,2.682,2.741,2.996
2019/8/23,2.586,2.663,2.651,3.056,2.745,2.69,2.748,2.996
2019/8/26,2.639,2.66,2.669,3.055,2.739,2.694,2.751,2.995
2019/8/27,2.677,2.662,2.687,3.055,2.741,2.7,2.753,2.993
2019/8/28,2.609,2.661,2.682,3.055,2.754,2.702,2.753,2.991
2019/8/29,2.478,2.6611,2.6702,3.0545,2.735,2.7002,2.7513,2.9921
2019/8/30,2.572,2.661,2.665,3.051,2.701,2.701,2.7525,2.99
2019/9/2,2.55,2.661,2.653,3.05,2.662,2.7,2.754,2.991
2019/9/3,2.513,2.664,2.61,3.052,2.621,2.701,2.757,2.991
2019/9/4,2.445,2.662,2.604,3.051,2.595,2.702,2.758,2.991
2019/9/5,2.536,2.665,2.636,3.052,2.603,2.704,2.761,2.991
2019/9/6,2.597,2.681,2.652,3.052,2.652,2.708,2.768,2.991
2019/9/9,2.607,2.688,2.652,3.051,2.661,2.707,2.768,2.989
2019/9/10,2.553,2.677,2.628,3.046,2.64,2.707,2.772,2.98
2019/9/11,2.451,2.679,2.645,3.043,2.683,2.707,2.778,2.979
2019/9/12,2.369,2.682,2.65,3.042,2.663,2.709,2.787,2.976
2019/9/16,2.336,2.682,2.642,3.043,2.663,2.71,2.792,2.972
2019/9/17,2.565,2.685,2.638,3.043,2.659,2.708,2.795,2.97
2019/9/18,2.633,2.692,2.654,3.044,2.668,2.706,2.798,2.97
2019/9/19,2.737,2.704,2.709,3.045,2.738,2.709,2.8,2.97
2019/9/20,2.746,2.719,2.731,3.046,2.808,2.717,2.808,2.971
2019/9/23,2.759,2.737,2.732,3.048,2.884,2.725,2.813,2.97
2019/9/24,2.369,2.751,2.676,3.048,2.952,2.729,2.813,2.969
2019/9/25,2.046,2.75,2.572,3.047,2.953,2.729,2.815,2.966
2019/9/26,1.637,2.749,2.577,3.048,2.967,2.732,2.815,2.965
2019/9/27,1.313,2.75,2.59,3.048,2.95,2.726,2.816,2.964
2019/9/30,2.635,2.762,2.843,3.048,3.018,2.728,2.819,2.964
2019/10/8,2.627,2.754,2.688,3.048,2.724,2.724,2.817,2.96
2019/10/9,2.202,2.728,2.627,3.047,2.601,2.72,2.813,2.957
2019/10/10,2.016,2.7085,2.595,3.049,2.512,2.718,2.814,2.955
2019/10/11,1.911,2.703,2.556,3.05,2.502,2.718,2.813,2.953
